features,importances
lstat,0.41766682586033055
rm,0.38841819326962096
dis,0.08938557145401968
crim,0.02778050398450324
ptratio,0.016787309187245626
nox,0.01484879336214637
tax,0.012872242131786844
black,0.010089824379524848
age,0.009624057544218134
rad,0.005946119439100407
indus,0.004687630729691601
chas,0.001402917237299692
zn,0.0004900114205120244
